{"schemaVersion":"1.0","appDefinitionTemplate":{"id":"/providers/Microsoft.PowerApps/apps/","type":"Microsoft.PowerApps/apps","tags":{"primaryDeviceWidth":"1366","primaryDeviceHeight":"768","supportsPortrait":"true","supportsLandscape":"true","primaryFormFactor":"Tablet","showStatusBar":"false","publisherVersion":"3.24044.18","minimumRequiredApiVersion":"2.2.0","hasComponent":"true","hasUnlockedComponent":"true","isUnifiedRootApp":"false","offlineLargeFilesSupport":"false","sienaVersion":"20240503T052634Z-3.24044.18.0"},"properties":{"appVersion":"2024-05-03T05:26:34Z","lifeCycleId":"Published","createdByClientVersion":{"major":3,"minor":24044,"build":18,"revision":0,"majorRevision":0,"minorRevision":0},"minClientVersion":{"major":3,"minor":24044,"build":18,"revision":0,"majorRevision":0,"minorRevision":0},"backgroundColor":"RGBA(0,176,240,1)","backgroundImageUri":"/4887194976269418185/Nda050d3c-9c2c-46fc-8a78-7285b4f9a676-logoSmallFile","displayName":"Expense Approval test","description":"","commitMessage":"","appUris":{"documentUri":{"value":"/4887194976269418185/N29fdda19-fb72-45f0-9c33-66d088ccf370-document.msapp"},"imageUris":[],"additionalUris":[{"isSolutionAware":false,"value":"/4887194976269418185/N55799175-ac19-41b0-a094-643d8f322608-identity.json"}]},"createdTime":"0001-01-01T00:00:00Z","lastModifiedTime":"0001-01-01T00:00:00Z","sharedGroupsCount":0,"sharedUsersCount":0,"connectionReferences":{"035d94c0-6caf-45db-8658-dfca02b4d835":{"id":"c9fe6d66-6b3d-481c-a2e1-ea22ce119a1e","displayName":"SharePoint","iconUri":"https://connectoricons-prod.azureedge.net/releases/v1.0.1685/1.0.1685.3700/sharepointonline/icon.png","dataSources":["ExpenseApprovalTest","Funds_Request","TestWithdrawals","Expenses_1"],"dependencies":[],"dependents":[],"parameterHints":{},"parameterHintsV2":{},"isOnPremiseConnection":false,"bypassConsent":false,"dataSets":{"https://contosomea.sharepoint.com/sites/Automation":{"dataSources":{"ExpenseApprovalTest":{"tableName":"e2be7932-532f-4300-9941-7b81fdf164ec"},"Funds_Request":{"tableName":"ea84dc32-5a48-4d96-a215-e3aa8d1721dd"},"TestWithdrawals":{"tableName":"558f5cd0-d462-4d4f-be51-d3b91cb097a0"},"Expenses_1":{"tableName":"93798606-5dc9-4691-9ffa-cd927791c612"}}}},"apiTier":"Standard","isCustomApiConnection":false,"actions":["providers/PowerPlatform.Governance/Operations/Read","providers/PowerPlatform.Governance/Operations/Write"]}},"databaseReferences":{},"almMode":"Solution","performanceOptimizationEnabled":true,"canConsumeAppPass":true,"enableModernRuntimeMode":false,"executionRestrictions":{"isTeamsOnly":false,"dataLossPreventionEvaluationResult":{"status":"Compliant","lastEvaluationDate":"2024-03-11T08:09:02.3076817Z","violations":[],"violationsByPolicy":[],"violationErrorMessage":"The app uses the following connectors: ."}}},"appType":"ClassicCanvasApp","appComponents":[]}}